{
    "matrix": {
        "rows": 5,
        "cols": 12
    },
    "layouts": {
        "keymap": [
            {
                "x": 2.94,
                "y": 0
            },
            [
                {
                    "x": 2.94
                },
                "0,3",
                {
                    "x": 10.440000000000001
                },
                "0,8"
            ],
            [
                {
                    "y": -0.76,
                    "x": 2
                },
                "0,2",
                {
                    "x": 12.33
                },
                "0,9"
            ],
            [
                {
                    "y": -0.31000000000000005,
                    "x": 3.08
                },
                "1,3",
                {
                    "x": 10.17
                },
                "1,8"
            ],
            [
                {
                    "y": -0.9200000000000002,
                    "x": 1.01
                },
                "0,1",
                {
                    "x": 14.299999999999999
                },
                "0,10"
            ],
            [
                {
                    "y": -0.8399999999999999,
                    "x": 2.1
                },
                "1,2",
                {
                    "x": 12.120000000000001
                },
                "1,9"
            ],
            [
                {
                    "y": -0.22999999999999998,
                    "x": 1.09
                },
                "1,1",
                {
                    "x": 1.0300000000000002
                },
                "2,3",
                {
                    "x": 10.079999999999998
                },
                "2,8",
                {
                    "x": 1.0399999999999991
                },
                "1,10"
            ],
            [
                {
                    "y": -0.77,
                    "x": 2.13
                },
                "2,2",
                {
                    "x": 12.059999999999999
                },
                "2,9"
            ],
            [
                {
                    "y": -0.22999999999999998,
                    "x": 1.11
                },
                "2,1",
                {
                    "x": 14.100000000000001
                },
                "2,10"
            ],
            [
                {
                    "y": -0.9899999999999998,
                    "x": 3.08
                },
                "3,3",
                {
                    "x": 10.17
                },
                "3,8"
            ],
            [
                {
                    "y": -0.7700000000000005,
                    "x": 15.23
                },
                "3,9"
            ],
            [
                {
                    "y": -0.9999999999999996,
                    "x": 2.1
                },
                "3,2"
            ],
            [
                {
                    "y": -0.23000000000000043,
                    "x": 16.24
                },
                "3,10"
            ],
            [
                {
                    "y": -0.9999999999999996,
                    "x": 1.08
                },
                "3,1"
            ],
            [
                {
                    "r": 1,
                    "rx": 4.31,
                    "ry": 1.09,
                    "y": -0.5,
                    "x": -0.5
                },
                "0,4"
            ],
            [
                {
                    "rx": 4.48,
                    "ry": 2.02,
                    "y": -0.5,
                    "x": -0.5
                },
                "1,4"
            ],
            [
                {
                    "ry": 4.03,
                    "y": -0.5,
                    "x": -0.5
                },
                "3,4"
            ],
            [
                {
                    "rx": 4.54,
                    "ry": 3.03,
                    "y": -0.5,
                    "x": -0.5,
                    "n": true
                },
                "2,4"
            ],
            [
                {
                    "rx": 5.18,
                    "ry": 1.1,
                    "y": -0.5,
                    "x": -0.5
                },
                "0,5"
            ],
            [
                {
                    "rx": 5.38,
                    "ry": 2.03,
                    "y": -0.5,
                    "x": -0.5
                },
                "1,5"
            ],
            [
                {
                    "ry": 4.04,
                    "y": -0.5,
                    "x": -0.5
                },
                "3,5"
            ],
            [
                {
                    "rx": 5.44,
                    "ry": 3.03,
                    "y": -0.5,
                    "x": -0.5
                },
                "2,5"
            ],
            [
                {
                    "rx": 17.75,
                    "ry": 3.69,
                    "y": -0.5,
                    "x": -0.5
                },
                "2,11"
            ],
            [
                {
                    "ry": 4.7,
                    "y": -0.5,
                    "x": -0.5
                },
                "3,11"
            ],
            [
                {
                    "rx": 17.77,
                    "ry": 2.68,
                    "y": -0.5,
                    "x": -0.5
                },
                "1,11"
            ],
            [
                {
                    "rx": 17.82,
                    "ry": 1.75,
                    "y": -0.5,
                    "x": -0.5
                },
                "0,11"
            ],
            [
                {
                    "r": 10,
                    "rx": 4.85,
                    "ry": 5.41,
                    "y": -0.5,
                    "x": -0.5
                },
                "4,0"
            ],
            [
                {
                    "r": 25,
                    "rx": 5.88,
                    "ry": 5.73,
                    "y": -0.5,
                    "x": -0.5
                },
                "4,1"
            ],
            [
                {
                    "r": 35,
                    "rx": 6.74,
                    "ry": 6.2,
                    "y": -0.5,
                    "x": -0.5
                },
                "4,2"
            ],
            [
                {
                    "r": -35,
                    "rx": 11.59,
                    "y": -0.5,
                    "x": -0.5
                },
                "4,3"
            ],
            [
                {
                    "r": -25,
                    "rx": 12.45,
                    "ry": 5.73,
                    "y": -0.5,
                    "x": -0.5
                },
                "4,4"
            ],
            [
                {
                    "r": -10,
                    "rx": 13.47,
                    "ry": 5.41,
                    "y": -0.5,
                    "x": -0.5
                },
                "4,5"
            ],
            [
                {
                    "r": -1,
                    "rx": 0.5,
                    "ry": 1.75,
                    "y": -0.5,
                    "x": -0.5
                },
                "0,0"
            ],
            [
                {
                    "rx": 0.55,
                    "ry": 2.68,
                    "y": -0.5,
                    "x": -0.5
                },
                "1,0"
            ],
            [
                {
                    "rx": 0.57,
                    "ry": 3.69,
                    "y": -0.5,
                    "x": -0.5
                },